{"f1_baseline": 0.7724655278386622, "mcc_baseline": 0.7653116440087315}